-- phpMyAdmin SQL Dump
-- version 5.1.1
-- https://www.phpmyadmin.net/
--
-- Host: 127.0.0.1
-- Generation Time: Jun 10, 2023 at 12:18 PM
-- Server version: 10.4.22-MariaDB
-- PHP Version: 8.1.2

SET SQL_MODE = "NO_AUTO_VALUE_ON_ZERO";
START TRANSACTION;
SET time_zone = "+00:00";


/*!40101 SET @OLD_CHARACTER_SET_CLIENT=@@CHARACTER_SET_CLIENT */;
/*!40101 SET @OLD_CHARACTER_SET_RESULTS=@@CHARACTER_SET_RESULTS */;
/*!40101 SET @OLD_COLLATION_CONNECTION=@@COLLATION_CONNECTION */;
/*!40101 SET NAMES utf8mb4 */;

--
-- Database: `omos_db`
--

-- --------------------------------------------------------

--
-- Table structure for table `cart_list`
--

CREATE TABLE `cart_list` (
  `id` int(30) NOT NULL,
  `customer_id` int(30) NOT NULL,
  `product_id` int(30) NOT NULL,
  `quantity` int(30) NOT NULL DEFAULT 0
) ENGINE=InnoDB DEFAULT CHARSET=utf8mb4;

-- --------------------------------------------------------

--
-- Table structure for table `category_list`
--

CREATE TABLE `category_list` (
  `id` int(30) NOT NULL,
  `name` text NOT NULL,
  `description` text NOT NULL,
  `status` tinyint(1) NOT NULL DEFAULT 1,
  `delete_flag` tinyint(1) NOT NULL DEFAULT 0,
  `date_created` datetime NOT NULL DEFAULT current_timestamp(),
  `date_updated` datetime NOT NULL DEFAULT current_timestamp() ON UPDATE current_timestamp()
) ENGINE=InnoDB DEFAULT CHARSET=utf8mb4;

--
-- Dumping data for table `category_list`
--

INSERT INTO `category_list` (`id`, `name`, `description`, `status`, `delete_flag`, `date_created`, `date_updated`) VALUES
(1, 'Tablet', 'Lorem ipsum dolor sit amet, consectetur adipiscing elit. Pellentesque nisl neque, tincidunt eu imperdiet eget, fringilla ut magna. Fusce in auctor nisl, a efficitur nisi. Vestibulum venenatis velit pharetra mauris dictum ultrices quis et quam. Donec sollicitudin condimentum lectus, vel convallis ipsum sodales id.', 1, 1, '2022-05-25 10:14:16', '2023-06-09 17:53:27'),
(2, 'Capsule', 'Suspendisse accumsan mollis quam. Etiam ut dolor felis. Proin maximus eros tortor, et condimentum massa mollis nec. Fusce gravida posuere purus et tempor. Phasellus commodo auctor justo, tempus pellentesque nunc condimentum id.', 1, 1, '2022-05-25 10:16:05', '2023-06-09 17:52:29'),
(3, 'Syrup', 'Sample category 101', 1, 1, '2022-05-26 10:57:14', '2023-06-09 17:52:58'),
(4, 'Test 123 - updated', 'Sample Only', 1, 1, '2022-05-26 10:57:31', '2022-05-26 10:58:45'),
(5, 'Capsule', 'Suspendisse accumsan mollis quam. Etiam ut dolor felis. Proin maximus eros tortor, et condimentum massa mollis nec. Fusce gravida posuere purus et tempor. Phasellus commodo auctor justo, tempus pellentesque nunc condimentum id.', 1, 0, '2023-06-09 17:52:45', '2023-06-09 17:52:45'),
(6, 'Syrup', 'Sample Category 101', 1, 0, '2023-06-09 17:53:14', '2023-06-09 17:53:14'),
(7, 'Tablet', 'Tablet category', 1, 0, '2023-06-09 17:53:41', '2023-06-09 17:53:41');

-- --------------------------------------------------------

--
-- Table structure for table `customer_list`
--

CREATE TABLE `customer_list` (
  `id` int(30) NOT NULL,
  `firstname` text NOT NULL,
  `middlename` text DEFAULT NULL,
  `lastname` text NOT NULL,
  `gender` varchar(100) NOT NULL,
  `contact` text NOT NULL,
  `email` text NOT NULL,
  `password` text NOT NULL,
  `avatar` text DEFAULT NULL,
  `date_created` datetime NOT NULL DEFAULT current_timestamp(),
  `date_updated` datetime NOT NULL DEFAULT current_timestamp() ON UPDATE current_timestamp()
) ENGINE=InnoDB DEFAULT CHARSET=utf8mb4;

--
-- Dumping data for table `customer_list`
--

INSERT INTO `customer_list` (`id`, `firstname`, `middlename`, `lastname`, `gender`, `contact`, `email`, `password`, `avatar`, `date_created`, `date_updated`) VALUES
(4, 'bipin', '', 'shrestha', 'Male', '9856452136', 'bipin@gmail.com', 'a83383d30b2da2f863cb12739254bb02', '../uploads/cover.png', '2023-06-09 17:49:19', '2023-06-10 15:10:47');

-- --------------------------------------------------------

--
-- Table structure for table `order_items`
--

CREATE TABLE `order_items` (
  `order_id` int(30) NOT NULL,
  `product_id` int(30) NOT NULL,
  `quantity` int(30) NOT NULL DEFAULT 0,
  `price` float(12,2) NOT NULL
) ENGINE=InnoDB DEFAULT CHARSET=utf8mb4;

--
-- Dumping data for table `order_items`
--

INSERT INTO `order_items` (`order_id`, `product_id`, `quantity`, `price`) VALUES
(5, 4, 2, 20.00);

-- --------------------------------------------------------

--
-- Table structure for table `order_list`
--

CREATE TABLE `order_list` (
  `id` int(30) NOT NULL,
  `code` varchar(100) NOT NULL,
  `customer_id` int(30) NOT NULL,
  `delivery_address` text NOT NULL,
  `total_amount` float(12,2) NOT NULL DEFAULT 0.00,
  `status` tinyint(1) NOT NULL DEFAULT 0 COMMENT '0=pending,\r\n1=packed,\r\n2=out for delivery,\r\n3=paid\r\n',
  `date_created` datetime NOT NULL DEFAULT current_timestamp(),
  `date_updated` datetime NOT NULL DEFAULT current_timestamp() ON UPDATE current_timestamp()
) ENGINE=InnoDB DEFAULT CHARSET=utf8mb4;

--
-- Dumping data for table `order_list`
--

INSERT INTO `order_list` (`id`, `code`, `customer_id`, `delivery_address`, `total_amount`, `status`, `date_created`, `date_updated`) VALUES
(5, '2023060900001', 4, 'butwal', 40.00, 0, '2023-06-09 17:50:59', '2023-06-09 18:00:09');

-- --------------------------------------------------------

--
-- Table structure for table `product_list`
--

CREATE TABLE `product_list` (
  `id` int(30) NOT NULL,
  `category_id` int(30) NOT NULL,
  `brand` text NOT NULL,
  `name` text NOT NULL,
  `description` text NOT NULL,
  `dose` varchar(250) NOT NULL,
  `price` float(12,2) NOT NULL DEFAULT 0.00,
  `image_path` text DEFAULT NULL,
  `status` tinyint(1) NOT NULL DEFAULT 1,
  `delete_flag` tinyint(1) NOT NULL DEFAULT 0,
  `date_created` datetime NOT NULL DEFAULT current_timestamp(),
  `date_updated` datetime NOT NULL DEFAULT current_timestamp() ON UPDATE current_timestamp()
) ENGINE=InnoDB DEFAULT CHARSET=utf8mb4;

--
-- Dumping data for table `product_list`
--

INSERT INTO `product_list` (`id`, `category_id`, `brand`, `name`, `description`, `dose`, `price`, `image_path`, `status`, `delete_flag`, `date_created`, `date_updated`) VALUES
(1, 2, 'Brand 101', 'Mefenamic', 'hsjdklsdm,.smc', '500mg', 10.00, 'uploads/medicines//1_tablet.jpeg?v=1653447989', 1, 0, '2023-06-04 11:06:29', '2023-06-10 15:26:17'),
(2, 2, 'Brand 101', 'Amoxicillin', 'dhgsajkfnsjkfcsn', '250', 7.00, 'uploads/medicines//capsule.jpg?v=1653448223', 1, 0, '2023-06-04 11:10:23', '2023-06-10 15:26:23'),
(3, 1, 'Brand 102', 'Drug 101', 'adbskjb snbckjsnc', '25mg', 25.00, 'uploads/medicines//a.jpg', 1, 0, '2023-06-04 11:11:36', '2023-06-10 15:28:40'),
(4, 1, 'Brand 103', 'Drug 102', 'akadhasjknmcnmsd', '50mg', 20.00, 'uploads/medicines//a.jpg', 1, 0, '2023-06-04 14:18:48', '2023-06-10 15:28:52'),
(5, 3, 'Brand 103', 'Medicine #101', 'This is a sample product only- updated', '280ml', 375.00, 'uploads/medicines//syrup.jpg?v=1653533984', 1, 0, '2023-06-06 10:59:44', '2023-06-06 10:59:56'),
(7, 7, 'Patanjali', 'Churan', 'fkjshkjfsjkf', '200 mg', 15.00, 'uploads/medicines//patanjali.jpg', 1, 0, '2023-06-09 17:56:45', '2023-06-10 15:26:04');

-- --------------------------------------------------------

--
-- Table structure for table `stock_list`
--

CREATE TABLE `stock_list` (
  `id` int(30) NOT NULL,
  `product_id` int(30) NOT NULL,
  `code` varchar(100) NOT NULL,
  `quantity` float(12,2) NOT NULL DEFAULT 0.00,
  `expiration` date DEFAULT NULL,
  `date_created` datetime NOT NULL DEFAULT current_timestamp(),
  `date_updated` datetime NOT NULL DEFAULT current_timestamp() ON UPDATE current_timestamp()
) ENGINE=InnoDB DEFAULT CHARSET=utf8mb4;

--
-- Dumping data for table `stock_list`
--

INSERT INTO `stock_list` (`id`, `product_id`, `code`, `quantity`, `expiration`, `date_created`, `date_updated`) VALUES
(6, 4, '89756452', 30.00, '2025-06-23', '2022-05-25 14:19:25', '2022-05-25 14:19:25'),
(10, 7, '101', 500.00, '2024-06-09', '2023-06-09 17:57:43', '2023-06-09 17:57:43'),
(11, 2, '121', 50.00, '2023-07-10', '2023-06-10 15:20:22', '2023-06-10 15:20:22'),
(12, 1, '1231', 50.00, '2023-06-12', '2023-06-10 15:21:51', '2023-06-10 15:21:51'),
(13, 3, '1012', 22.00, '2023-11-15', '2023-06-10 15:22:19', '2023-06-10 15:22:19'),
(14, 5, '124', 24.00, '2023-08-15', '2023-06-10 15:22:49', '2023-06-10 15:22:49');

-- --------------------------------------------------------

--
-- Table structure for table `stock_out`
--

CREATE TABLE `stock_out` (
  `id` int(30) NOT NULL,
  `order_id` int(30) NOT NULL,
  `stock_id` int(30) NOT NULL,
  `quantity` int(30) NOT NULL DEFAULT 0
) ENGINE=InnoDB DEFAULT CHARSET=utf8mb4;

-- --------------------------------------------------------

--
-- Table structure for table `system_info`
--

CREATE TABLE `system_info` (
  `id` int(30) NOT NULL,
  `meta_field` text NOT NULL,
  `meta_value` text NOT NULL
) ENGINE=InnoDB DEFAULT CHARSET=utf8mb4;

--
-- Dumping data for table `system_info`
--

INSERT INTO `system_info` (`id`, `meta_field`, `meta_value`) VALUES
(1, 'name', 'Integrated Online Pharmacy Management and Medicine Ordering System'),
(6, 'short_name', 'MediPharm'),
(11, 'logo', 'uploads/logo.png'),
(13, 'user_avatar', 'uploads/user_avatar.jpg'),
(14, 'cover', 'uploads/cover.png'),
(17, 'phone', '071-694200'),
(18, 'mobile', '9812345678'),
(19, 'email', 'info@sample.com'),
(20, 'address', 'Butwal, Rupandehi');

-- --------------------------------------------------------

--
-- Table structure for table `users`
--

CREATE TABLE `users` (
  `id` int(50) NOT NULL,
  `firstname` varchar(250) NOT NULL,
  `middlename` text DEFAULT NULL,
  `lastname` varchar(250) NOT NULL,
  `username` text NOT NULL,
  `password` text NOT NULL,
  `avatar` text DEFAULT NULL,
  `last_login` datetime DEFAULT NULL,
  `type` tinyint(1) NOT NULL DEFAULT 0,
  `date_added` datetime NOT NULL DEFAULT current_timestamp(),
  `date_updated` datetime DEFAULT current_timestamp() ON UPDATE current_timestamp()
) ENGINE=InnoDB DEFAULT CHARSET=utf8mb4 COMMENT='2';

--
-- Dumping data for table `users`
--

INSERT INTO `users` (`id`, `firstname`, `middlename`, `lastname`, `username`, `password`, `avatar`, `last_login`, `type`, `date_added`, `date_updated`) VALUES
(1, 'Adminstrator', '', 'Admin', 'admin', '21232f297a57a5a743894a0e4a801fc3', 'uploads/avatars/1.png?v=1649834664', NULL, 1, '2021-01-20 14:02:37', '2023-06-09 18:07:27'),
(7, 'John', 'D', 'Smith', 'jsmith', '1254737c076cf867dc53d60a0364f38e', NULL, NULL, 2, '2022-05-26 11:04:16', '2022-05-26 11:04:16');

--
-- Indexes for dumped tables
--

--
-- Indexes for table `cart_list`
--
ALTER TABLE `cart_list`
  ADD PRIMARY KEY (`id`),
  ADD KEY `customer_id` (`customer_id`),
  ADD KEY `product_id` (`product_id`);

--
-- Indexes for table `category_list`
--
ALTER TABLE `category_list`
  ADD PRIMARY KEY (`id`);

--
-- Indexes for table `customer_list`
--
ALTER TABLE `customer_list`
  ADD PRIMARY KEY (`id`);

--
-- Indexes for table `order_items`
--
ALTER TABLE `order_items`
  ADD KEY `order_id` (`order_id`),
  ADD KEY `product_id` (`product_id`);

--
-- Indexes for table `order_list`
--
ALTER TABLE `order_list`
  ADD PRIMARY KEY (`id`),
  ADD KEY `customer_id` (`customer_id`);

--
-- Indexes for table `product_list`
--
ALTER TABLE `product_list`
  ADD PRIMARY KEY (`id`),
  ADD KEY `category_id` (`category_id`);

--
-- Indexes for table `stock_list`
--
ALTER TABLE `stock_list`
  ADD PRIMARY KEY (`id`),
  ADD KEY `product_id` (`product_id`);

--
-- Indexes for table `stock_out`
--
ALTER TABLE `stock_out`
  ADD PRIMARY KEY (`id`),
  ADD KEY `order_id` (`order_id`),
  ADD KEY `stock_id` (`stock_id`);

--
-- Indexes for table `system_info`
--
ALTER TABLE `system_info`
  ADD PRIMARY KEY (`id`);

--
-- Indexes for table `users`
--
ALTER TABLE `users`
  ADD PRIMARY KEY (`id`);

--
-- AUTO_INCREMENT for dumped tables
--

--
-- AUTO_INCREMENT for table `cart_list`
--
ALTER TABLE `cart_list`
  MODIFY `id` int(30) NOT NULL AUTO_INCREMENT, AUTO_INCREMENT=16;

--
-- AUTO_INCREMENT for table `category_list`
--
ALTER TABLE `category_list`
  MODIFY `id` int(30) NOT NULL AUTO_INCREMENT, AUTO_INCREMENT=8;

--
-- AUTO_INCREMENT for table `customer_list`
--
ALTER TABLE `customer_list`
  MODIFY `id` int(30) NOT NULL AUTO_INCREMENT, AUTO_INCREMENT=5;

--
-- AUTO_INCREMENT for table `order_list`
--
ALTER TABLE `order_list`
  MODIFY `id` int(30) NOT NULL AUTO_INCREMENT, AUTO_INCREMENT=6;

--
-- AUTO_INCREMENT for table `product_list`
--
ALTER TABLE `product_list`
  MODIFY `id` int(30) NOT NULL AUTO_INCREMENT, AUTO_INCREMENT=9;

--
-- AUTO_INCREMENT for table `stock_list`
--
ALTER TABLE `stock_list`
  MODIFY `id` int(30) NOT NULL AUTO_INCREMENT, AUTO_INCREMENT=15;

--
-- AUTO_INCREMENT for table `stock_out`
--
ALTER TABLE `stock_out`
  MODIFY `id` int(30) NOT NULL AUTO_INCREMENT;

--
-- AUTO_INCREMENT for table `system_info`
--
ALTER TABLE `system_info`
  MODIFY `id` int(30) NOT NULL AUTO_INCREMENT, AUTO_INCREMENT=21;

--
-- AUTO_INCREMENT for table `users`
--
ALTER TABLE `users`
  MODIFY `id` int(50) NOT NULL AUTO_INCREMENT, AUTO_INCREMENT=8;

--
-- Constraints for dumped tables
--

--
-- Constraints for table `cart_list`
--
ALTER TABLE `cart_list`
  ADD CONSTRAINT `customer_id_fk_cl` FOREIGN KEY (`customer_id`) REFERENCES `customer_list` (`id`) ON DELETE CASCADE ON UPDATE NO ACTION,
  ADD CONSTRAINT `product_id_fk_cl` FOREIGN KEY (`product_id`) REFERENCES `product_list` (`id`) ON DELETE CASCADE ON UPDATE NO ACTION;

--
-- Constraints for table `order_items`
--
ALTER TABLE `order_items`
  ADD CONSTRAINT `order_id_fk_oi` FOREIGN KEY (`order_id`) REFERENCES `order_list` (`id`) ON DELETE CASCADE ON UPDATE NO ACTION,
  ADD CONSTRAINT `product_id_fk_oi` FOREIGN KEY (`product_id`) REFERENCES `product_list` (`id`) ON DELETE CASCADE ON UPDATE NO ACTION;

--
-- Constraints for table `order_list`
--
ALTER TABLE `order_list`
  ADD CONSTRAINT `customer_id_fk_ol` FOREIGN KEY (`customer_id`) REFERENCES `customer_list` (`id`) ON DELETE CASCADE ON UPDATE NO ACTION;

--
-- Constraints for table `product_list`
--
ALTER TABLE `product_list`
  ADD CONSTRAINT `category_id_fk_pl` FOREIGN KEY (`category_id`) REFERENCES `category_list` (`id`) ON DELETE CASCADE ON UPDATE NO ACTION;

--
-- Constraints for table `stock_list`
--
ALTER TABLE `stock_list`
  ADD CONSTRAINT `product_id_fk_sl` FOREIGN KEY (`product_id`) REFERENCES `product_list` (`id`) ON DELETE CASCADE ON UPDATE NO ACTION;

--
-- Constraints for table `stock_out`
--
ALTER TABLE `stock_out`
  ADD CONSTRAINT `order_id_fk_so` FOREIGN KEY (`order_id`) REFERENCES `order_list` (`id`) ON DELETE CASCADE ON UPDATE NO ACTION,
  ADD CONSTRAINT `stock_id_fk_so` FOREIGN KEY (`stock_id`) REFERENCES `stock_list` (`id`) ON DELETE CASCADE ON UPDATE NO ACTION;
COMMIT;

/*!40101 SET CHARACTER_SET_CLIENT=@OLD_CHARACTER_SET_CLIENT */;
/*!40101 SET CHARACTER_SET_RESULTS=@OLD_CHARACTER_SET_RESULTS */;
/*!40101 SET COLLATION_CONNECTION=@OLD_COLLATION_CONNECTION */;
